,City,Country,Lat,Lng,Max Temp,Humidity,Cloudiness,Wind Speed,Description
0,Georgetown,MY,5.4112,100.3354,84.13,80,20,5.01,few clouds
1,Avarua,CK,-21.2078,-159.775,82.45,74,40,12.66,scattered clouds
2,Vila Velha,BR,-20.3297,-40.2925,76.95,86,0,8.05,clear sky
3,Ushuaia,AR,-54.8,-68.3,49.66,57,20,16.11,few clouds
4,Kaitangata,NZ,-46.2817,169.8464,54.93,57,45,8.43,scattered clouds
5,Uige,AO,-7.6087,15.0613,63.75,98,73,2.17,light rain
6,Juba,SS,4.8517,31.5825,69.96,23,100,2.66,overcast clouds
7,Saint-Augustin,CA,51.226,-58.6502,2.39,88,100,18.39,overcast clouds
8,Bethel,US,41.3712,-73.414,21.04,64,0,1.99,clear sky
9,Atuona,PF,-9.8,-139.0333,78.69,78,38,20.87,light rain
10,Punta Arenas,CL,-53.15,-70.9167,55.51,54,40,16.11,scattered clouds
11,New Norfolk,AU,-42.7826,147.0587,73.71,37,0,1.99,clear sky
12,Christchurch,NZ,-43.5333,172.6333,61.95,67,100,1.01,overcast clouds
13,Cape Town,ZA,-33.9258,18.4232,67.08,73,0,2.3,clear sky
14,Beringovskiy,RU,63.05,179.3167,-10.07,94,76,13.15,broken clouds
15,Kapaa,US,22.0752,-159.319,79.12,66,0,3.0,clear sky
16,Esperance,AU,-33.8667,121.9,91.24,33,0,11.41,clear sky
17,Vardo,NO,70.3705,31.1107,26.92,79,100,28.05,overcast clouds
18,Puerto Ayora,EC,-0.7393,-90.3518,75.54,93,36,5.99,scattered clouds
19,Faanui,PF,-16.4833,-151.75,79.81,76,18,19.19,moderate rain
20,Yellowknife,CA,62.456,-114.3525,-16.58,78,0,8.05,clear sky
21,Tulagi,SB,-9.0996,160.1476,84.0,72,78,7.87,broken clouds
22,Saint-Philippe,RE,-21.3585,55.7679,78.39,84,99,19.24,light rain
23,Hithadhoo,MV,-0.6,73.0833,81.81,73,2,8.41,clear sky
24,Victoria,HK,22.2855,114.1577,65.17,78,99,1.01,overcast clouds
25,Tsiroanomandidy,MG,-18.7667,46.0333,67.12,95,100,7.72,light rain
26,Albany,US,42.6001,-73.9662,10.81,72,5,5.97,clear sky
27,Saskylakh,RU,71.9167,114.0833,-30.35,100,97,3.02,overcast clouds
28,Gizo,SB,-8.103,156.8419,86.49,69,100,9.86,overcast clouds
29,Olenegorsk,RU,68.15,33.3,9.64,96,100,5.75,overcast clouds
30,Sao Filipe,CV,14.8961,-24.4956,72.75,73,0,11.39,clear sky
31,Scottsbluff,US,41.8666,-103.6672,37.29,57,0,5.99,clear sky
32,Kamina,CD,-8.7386,24.9906,61.07,96,99,2.86,overcast clouds
33,Castro,BR,-24.7911,-50.0119,64.02,98,99,2.39,overcast clouds
34,Butaritari,KI,3.0707,172.7902,82.83,74,93,17.11,overcast clouds
35,Sept-Iles,CA,50.2001,-66.3821,0.03,50,0,4.61,clear sky
36,Tocache,PE,-8.1842,-76.5125,70.39,97,56,0.69,broken clouds
37,Upernavik,GL,72.7868,-56.1549,-1.43,97,100,3.06,overcast clouds
38,Hilo,US,19.7297,-155.09,78.53,74,20,9.22,few clouds
39,Kruisfontein,ZA,-34.0033,24.7314,65.88,94,24,9.55,few clouds
40,Saint-Leu,RE,-21.15,55.2833,77.86,76,100,5.57,overcast clouds
41,Mataura,NZ,-46.1927,168.8643,59.49,37,14,4.45,few clouds
42,Ribeira Grande,PT,38.5167,-28.7,59.5,75,4,15.01,clear sky
43,Bathsheba,BB,13.2167,-59.5167,79.41,69,40,13.8,scattered clouds
44,Russell,US,32.3502,-85.1999,40.6,75,0,5.06,clear sky
45,Malpe,IN,13.35,74.7167,70.9,69,90,3.29,overcast clouds
46,Fort Frances,CA,48.5999,-93.4003,8.82,78,100,0.0,overcast clouds
47,Hobart,AU,-42.8794,147.3294,74.05,47,20,1.01,few clouds
48,Busselton,AU,-33.65,115.3333,74.05,63,81,14.0,broken clouds
49,Haines Junction,CA,60.7522,-137.5108,28.35,86,100,1.14,overcast clouds
50,Walvis Bay,NA,-22.9575,14.5053,67.15,88,96,3.44,overcast clouds
51,Tabas,IR,33.5959,56.9244,43.43,60,0,2.86,clear sky
52,Bagdarin,RU,54.4333,113.6,1.26,78,52,1.25,broken clouds
53,Khakurinokhabl,RU,45.0201,40.2291,25.11,83,100,5.35,light snow
54,Torbay,CA,47.6666,-52.7314,44.76,94,100,14.97,moderate rain
55,Port Elizabeth,ZA,-33.918,25.5701,68.09,100,40,16.11,scattered clouds
56,Cascais,PT,38.6979,-9.4215,52.97,68,0,1.01,clear sky
57,Lorengau,PG,-2.0226,147.2712,82.89,76,100,9.51,overcast clouds
58,Douglas,US,41.3,-96.167,42.94,35,0,4.61,clear sky
59,Bluff,NZ,-46.6,168.3333,59.81,58,9,11.59,clear sky
60,Rocha,UY,-34.4833,-54.3333,63.77,87,76,8.14,broken clouds
61,Atar,MR,20.5169,-13.0499,68.7,11,0,4.99,clear sky
62,Zhigansk,RU,66.7697,123.3711,-23.15,97,100,5.32,overcast clouds
63,Dingle,PH,10.9995,122.6711,82.44,68,99,20.09,overcast clouds
64,Vaini,TO,-21.2,-175.2,77.16,94,100,14.97,light rain
65,Qaanaaq,GL,77.484,-69.3632,-0.94,96,100,2.91,overcast clouds
66,Rikitea,PF,-23.1203,-134.9692,79.43,68,100,13.71,overcast clouds
67,Mirandopolis,BR,-21.1336,-51.1017,73.02,90,100,4.12,overcast clouds
68,Lompoc,US,34.6391,-120.4579,60.94,70,0,5.75,clear sky
69,La Primavera,CO,5.4906,-70.4092,84.06,42,78,7.43,broken clouds
70,Martapura,ID,-3.4167,114.85,82.49,78,40,6.91,scattered clouds
71,Dayong,CN,25.0209,118.2898,56.88,66,100,4.99,overcast clouds
72,Dikson,RU,73.5069,80.5464,-21.37,100,98,4.21,overcast clouds
73,Kangaatsiaq,GL,68.3065,-53.4641,-10.46,92,100,7.52,overcast clouds
74,Chokurdakh,RU,70.6333,147.9167,-31.79,100,100,2.15,overcast clouds
75,Lamu,KE,-2.2717,40.902,77.22,89,100,7.11,overcast clouds
76,Sao Miguel,BR,-5.4667,-35.3667,80.92,73,40,10.33,scattered clouds
77,Lamar,US,33.6668,-95.5836,34.25,60,0,6.91,clear sky
78,Los Llanos De Aridane,ES,28.6585,-17.9182,66.13,27,0,8.99,clear sky
79,Luderitz,NA,-26.6481,15.1594,66.18,82,94,6.55,overcast clouds
80,Barrow,US,71.2906,-156.7887,-20.18,69,0,10.36,clear sky
81,Pevek,RU,69.7008,170.3133,-26.82,99,29,2.35,scattered clouds
82,Hermanus,ZA,-34.4187,19.2345,71.91,89,64,9.89,broken clouds
83,Salalah,OM,17.0151,54.0924,71.69,73,75,3.44,broken clouds
84,Manado,ID,1.487,124.8455,86.77,74,40,6.91,scattered clouds
85,Constitucion,CL,-35.3333,-72.4167,60.85,69,0,9.51,clear sky
86,Lavrentiya,RU,65.5833,-171.0,-16.33,95,27,10.92,scattered clouds
87,Clyde River,CA,70.4692,-68.5914,-30.77,75,100,5.75,overcast clouds
88,Port Hardy,CA,50.6996,-127.4199,44.78,81,100,8.05,overcast clouds
89,Port Macquarie,AU,-31.4333,152.9167,72.9,61,77,16.24,light rain
90,Lake Elsinore,US,33.6681,-117.3273,61.52,23,0,1.01,clear sky
91,Tombouctou,ML,20.0,-3.0,61.25,13,5,8.05,clear sky
92,Igrim,RU,63.1906,64.4162,-12.3,100,98,4.47,overcast clouds
93,Sal Rei,CV,16.1833,-22.9167,68.56,83,0,19.28,clear sky
94,Severo-Kurilsk,RU,50.6789,156.125,29.97,81,92,13.56,overcast clouds
95,Ilulissat,GL,69.2167,-51.1,3.22,51,100,14.97,overcast clouds
96,Pisco,PE,-13.7,-76.2167,68.05,88,40,5.75,scattered clouds
97,Ahipara,NZ,-35.1667,173.1667,74.57,87,100,4.41,light rain
98,Naze,JP,28.3667,129.4833,50.92,64,97,14.25,overcast clouds
99,Zemio,CF,5.0314,25.1361,66.13,27,99,3.38,overcast clouds
100,Yulara,AU,-25.2406,130.9889,85.84,20,0,12.66,clear sky
101,Lebu,CL,-37.6167,-73.65,58.01,84,0,16.4,clear sky
102,Guerrero Negro,MX,27.9769,-114.0611,60.76,55,0,13.04,clear sky
103,Pangkalanbuun,ID,-2.6833,111.6167,89.38,56,100,3.76,light rain
104,Arraial Do Cabo,BR,-22.9661,-42.0278,76.41,87,69,26.08,broken clouds
105,Sajanan,TN,37.0573,9.2426,47.32,92,97,7.02,overcast clouds
106,Cabo San Lucas,MX,22.8909,-109.9124,66.51,58,7,4.0,clear sky
107,Codrington,AU,-38.2667,141.9667,79.2,40,56,15.57,broken clouds
108,Kavieng,PG,-2.5744,150.7967,83.82,73,100,7.92,overcast clouds
109,Bengkulu,ID,-3.8004,102.2655,74.26,93,100,11.41,overcast clouds
110,East London,ZA,-33.0153,27.9116,69.66,89,93,16.06,light rain
111,Shumskiy,RU,54.8318,99.1328,25.0,69,100,5.95,overcast clouds
112,San Patricio,US,28.017,-97.5169,44.83,59,0,6.73,clear sky
113,Wattegama,LK,6.7989,81.4808,72.52,69,95,7.52,overcast clouds
114,Dire Dawa,ET,9.5931,41.8661,61.3,45,11,3.69,few clouds
115,Xai-Xai,MZ,-25.0519,33.6442,76.5,74,0,13.96,clear sky
116,Vila Franca Do Campo,PT,37.7167,-25.4333,60.19,87,80,14.05,broken clouds
117,Chuy,UY,-33.6971,-53.4616,63.03,92,21,8.32,few clouds
118,Kushmurun,KZ,52.4503,64.6311,15.89,80,100,7.7,overcast clouds
119,Sokoto,NG,13.0609,5.239,62.2,17,0,11.18,clear sky
120,Meulaboh,ID,4.1363,96.1285,81.34,70,92,5.37,overcast clouds
121,Punta Cardon,VE,11.6581,-70.215,77.65,75,3,16.26,clear sky
122,Tasiilaq,GL,65.6145,-37.6368,17.76,55,95,6.93,overcast clouds
123,Dalvik,IS,65.9702,-18.5286,30.13,90,100,23.33,snow
124,Carnarvon,AU,-24.8667,113.6333,82.47,69,75,19.57,broken clouds
125,Ahmadpur,IN,18.7,76.9333,68.29,30,57,7.34,broken clouds
126,Valparaiso,CL,-33.0393,-71.6273,67.48,75,0,5.75,clear sky
127,Millville,US,39.4021,-75.0393,25.95,63,0,3.44,clear sky
128,Bahawalpur,PK,29.4,71.6833,55.85,42,0,6.87,clear sky
129,Axim,GH,4.8699,-2.2405,78.39,88,11,6.33,light rain
130,Bambous Virieux,MU,-20.3428,57.7575,80.22,88,75,10.36,broken clouds
131,Yaan,NG,7.3833,8.5667,75.47,18,1,7.85,clear sky
132,Nikolskoye,RU,59.7035,30.7861,27.72,97,100,4.85,overcast clouds
133,Guilin,CN,25.2819,110.2864,42.91,75,100,5.06,overcast clouds
134,Saint George,US,37.1041,-113.5841,50.59,25,0,1.99,clear sky
135,Kabo,CF,7.6994,18.629,67.15,25,91,3.83,overcast clouds
136,Mar Del Plata,AR,-38.0023,-57.5575,62.1,73,75,3.0,broken clouds
137,Ruteng,ID,-8.6136,120.4721,75.97,61,19,1.77,few clouds
138,Cidreira,BR,-30.1811,-50.2056,73.71,89,86,4.92,overcast clouds
139,Mnogovershinnyy,RU,53.9353,139.9242,2.1,77,100,6.4,overcast clouds
140,Jamestown,US,42.097,-79.2353,12.72,72,0,0.0,clear sky
141,Hambantota,LK,6.1241,81.1185,73.74,100,20,3.44,few clouds
142,George,ZA,-33.963,22.4617,60.35,100,100,2.3,fog
143,Kalmunai,LK,7.4167,81.8167,78.82,67,98,6.11,overcast clouds
144,Asau,RO,46.4333,26.4,28.4,92,28,7.11,scattered clouds
145,Storforshei,NO,66.4043,14.5233,19.69,92,100,7.09,overcast clouds
146,Vilyuysk,RU,63.7553,121.6247,-12.96,99,95,2.62,overcast clouds
147,Naliya,IN,23.2667,68.8333,65.84,71,2,1.57,clear sky
148,Quelimane,MZ,-17.8786,36.8883,76.95,88,40,9.22,scattered clouds
149,Muros,ES,42.7762,-9.0603,47.23,81,40,10.18,scattered clouds
150,San Cristobal,VE,7.7669,-72.225,71.78,92,35,1.88,scattered clouds
151,Boralday,KZ,43.3578,76.8594,15.66,86,75,2.24,mist
152,Basudebpur,IN,21.1353,86.7386,65.89,48,68,7.18,broken clouds
153,Surt,LY,31.2089,16.5887,59.63,38,70,7.92,broken clouds
154,Razdolinsk,RU,58.4211,94.6658,15.31,94,100,7.36,overcast clouds
155,Agdas,AZ,40.65,47.4761,24.67,47,6,5.59,clear sky
156,Svetlyy,RU,54.675,20.1347,37.45,85,100,20.65,overcast clouds
157,Half Moon Bay,US,37.4636,-122.4286,59.04,61,0,5.75,clear sky
158,Panama City,PA,8.9936,-79.5197,78.75,78,20,6.91,few clouds
159,Geraldton,AU,-28.7667,114.6,81.01,61,100,18.41,overcast clouds
160,Vozdvizhenka,RU,43.9,131.95,11.95,68,31,8.5,scattered clouds
161,Portland,US,45.5234,-122.6762,47.61,85,40,1.01,scattered clouds
162,Chincha Alta,PE,-13.4099,-76.1323,66.79,84,25,2.77,scattered clouds
163,Gewane,ET,10.1664,40.6453,71.62,76,53,8.61,broken clouds
164,Balsas,BR,-7.5325,-46.0356,74.73,89,80,3.06,broken clouds
165,Ponta Do Sol,PT,32.6667,-17.1,67.12,50,53,12.95,broken clouds
166,Hamilton,US,39.1834,-84.5333,19.36,87,0,1.01,clear sky
167,Khudumelapye,BW,-23.8833,24.75,68.81,71,82,13.53,broken clouds
168,Deep River,CA,46.1001,-77.4995,-0.06,96,91,2.21,overcast clouds
169,Nsukka,NG,6.8561,7.3927,68.13,24,13,2.42,few clouds
170,Victor Harbor,AU,-35.5667,138.6167,86.72,49,75,12.46,broken clouds
171,San,ML,13.3034,-4.8956,68.49,11,0,8.34,clear sky
172,Tuktoyaktuk,CA,69.4541,-133.0374,-31.0,68,40,9.22,scattered clouds
173,Souillac,MU,-20.5167,57.5167,80.37,88,75,10.36,broken clouds
174,Formosa,AR,-26.1775,-58.1781,76.98,53,0,10.36,clear sky
175,Hobyo,SO,5.3505,48.5268,74.75,73,11,13.53,few clouds
176,Port Alfred,ZA,-33.5906,26.891,70.2,88,49,25.12,scattered clouds
177,Aksay,RU,47.26,39.87,25.02,84,99,5.99,overcast clouds
178,Airai,TL,-8.9266,125.4092,73.54,65,62,2.8,broken clouds
179,Filiatra,GR,37.15,21.5833,52.7,82,50,5.23,scattered clouds
180,Samarai,PG,-10.6167,150.6667,84.79,71,100,7.29,overcast clouds
181,Cherskiy,RU,68.75,161.3,-28.55,98,24,0.98,few clouds
182,Magadan,RU,59.5667,150.8,13.53,68,16,11.1,few clouds
183,Ancud,CL,-41.8697,-73.8203,59.23,86,83,2.59,broken clouds
184,Mumbwa,ZM,-14.9783,27.0619,63.37,98,100,3.22,light rain
185,Erenhot,CN,43.6475,111.9767,9.21,76,5,8.79,clear sky
186,Astana,KZ,51.1801,71.446,6.75,56,0,6.71,clear sky
187,Bredasdorp,ZA,-34.5322,20.0403,67.28,82,51,11.5,broken clouds
188,Bandarbeyla,SO,9.4942,50.8122,72.9,77,9,6.31,clear sky
189,Yanam,IN,16.7333,82.2167,70.2,60,14,7.27,few clouds
190,Gravdal,NO,68.1214,13.5031,35.94,83,30,23.91,light rain
191,Hoa Binh,VN,20.8133,105.3383,53.49,86,100,0.38,overcast clouds
192,Rio Gallegos,AR,-51.6226,-69.2181,60.85,59,0,6.91,clear sky
193,Uvat,RU,59.1433,68.8953,13.21,95,100,3.11,overcast clouds
194,Bullhead City,US,35.1478,-114.5683,63.21,14,0,19.57,clear sky
195,Hasaki,JP,35.7333,140.8333,46.29,30,0,15.7,clear sky
196,Kitwe,ZM,-12.7961,28.2477,62.82,99,100,4.25,light rain
197,Dengzhou,CN,37.8086,120.7508,33.98,44,68,10.09,broken clouds
198,Katsuura,JP,35.1333,140.3,42.84,30,31,8.37,scattered clouds
199,Yerbogachen,RU,61.2767,108.0108,12.69,94,100,3.27,light snow
200,Leningradskiy,RU,69.3833,178.4167,-21.62,97,18,3.04,few clouds
201,Thompson,CA,55.7435,-97.8558,-23.64,76,40,3.44,scattered clouds
202,Banjar,ID,-8.19,114.9675,85.91,67,12,4.09,heavy intensity rain
203,Port Lincoln,AU,-34.7333,135.8667,78.3,48,7,20.8,clear sky
204,Leeton,AU,-34.5667,146.4,80.89,34,4,16.11,clear sky
205,Kribi,CM,2.95,9.9167,77.68,87,44,4.65,scattered clouds
206,Padang,ID,-0.9492,100.3543,80.65,87,100,3.38,overcast clouds
207,Porbandar,IN,21.6422,69.6093,66.16,70,0,3.94,clear sky
208,Semey,KZ,50.4111,80.2275,-12.78,77,0,4.47,clear sky
209,Alice Springs,AU,-23.7,133.8833,81.95,30,0,6.91,clear sky
210,Saint Anthony,US,45.0205,-93.218,26.15,73,40,3.44,scattered clouds
211,Dawei,MM,14.0833,98.2,85.42,54,85,2.77,overcast clouds
212,Malindi,KE,-3.2175,40.1191,75.79,89,100,7.78,overcast clouds
213,Khatanga,RU,71.9667,102.5,-20.94,98,99,6.02,overcast clouds
214,Hofn,IS,64.2539,-15.2082,30.9,64,100,14.32,overcast clouds
215,Minot,US,48.2325,-101.2963,34.79,80,100,6.91,mist
216,Nabire,ID,-3.3667,135.4833,86.27,64,100,5.99,overcast clouds
217,Soc Trang,VN,9.6033,105.98,80.56,48,90,10.83,overcast clouds
218,Townsville,AU,-19.25,146.8,83.28,58,100,12.66,overcast clouds
219,Qaqortoq,GL,60.7167,-46.0333,0.1,74,100,4.45,overcast clouds
220,Juneau,US,58.3019,-134.4197,37.85,96,100,5.99,moderate rain
221,Pascagoula,US,30.3658,-88.5561,39.42,89,0,0.0,clear sky
222,Kungurtug,RU,50.5994,97.5228,-2.27,83,48,0.89,scattered clouds
223,San Quintin,MX,30.4833,-115.95,56.66,45,0,5.12,clear sky
224,Ugoofaaru,MV,5.6667,73.0,81.07,65,93,7.36,overcast clouds
225,Petropavlovsk-Kamchatskiy,RU,53.0452,158.6483,27.19,86,100,20.13,light shower snow
226,Biskamzha,RU,53.4497,89.5272,17.08,82,53,2.93,broken clouds
227,Raudeberg,NO,61.9875,5.1352,36.86,88,100,15.99,light snow
228,Dakar,SN,14.6937,-17.4441,69.93,94,0,6.91,clear sky
229,Saldanha,ZA,-33.0117,17.9442,64.45,71,52,5.75,broken clouds
230,Skopin,RU,53.8249,39.5505,2.37,100,89,7.18,light snow
231,Aguimes,ES,27.9054,-15.4461,66.67,34,0,8.05,clear sky
232,Baherden,TM,38.4362,57.4316,40.5,84,54,15.26,broken clouds
233,Candolim,IN,15.5181,73.7626,68.0,94,39,2.3,mist
234,Caravelas,BR,-17.7125,-39.2481,75.09,90,15,4.94,few clouds
235,Hualmay,PE,-11.0964,-77.6139,69.89,83,100,8.28,overcast clouds
236,Santa Maria,BR,-29.6842,-53.8069,72.7,88,0,4.61,clear sky
237,Nagato,JP,34.3833,131.2,39.15,51,27,23.24,scattered clouds
238,Semnan,IR,35.5729,53.3971,35.44,48,0,2.3,clear sky
239,Canutama,BR,-6.5339,-64.3831,71.13,95,100,1.7,overcast clouds
240,Bathurst,AU,-33.4166,149.5806,74.71,62,48,3.0,scattered clouds
241,Makakilo City,US,21.3469,-158.0858,80.92,58,40,9.22,scattered clouds
242,Brawley,US,32.9787,-115.5303,60.17,23,0,4.61,clear sky
243,Arriaga,MX,16.2333,-93.9,65.25,71,47,21.07,scattered clouds
244,Fortuna,US,40.5982,-124.1573,48.65,90,20,0.0,few clouds
245,Sakakah,SA,29.9697,40.2064,44.17,79,4,5.97,clear sky
246,Kokkola,FI,63.8385,23.1307,28.56,93,100,12.66,overcast clouds
247,Lukovetskiy,RU,64.2956,41.9211,3.18,94,16,6.73,few clouds
248,Sur,OM,22.5667,59.5289,70.45,44,0,7.29,clear sky
249,Harper,LR,4.375,-7.7169,78.49,87,39,5.19,light rain
250,Usinsk,RU,65.9939,57.5281,-12.33,99,97,6.15,overcast clouds
251,Taltal,CL,-25.4,-70.4833,67.68,76,18,3.44,few clouds
252,Vitim,RU,59.4511,112.5578,12.06,94,100,6.73,light snow
253,Novosil,RU,52.9739,37.0405,20.55,95,100,10.07,light snow
254,Abeche,TD,13.8292,20.8324,60.55,18,53,11.86,broken clouds
255,Sidney,AU,-33.8679,151.2073,77.34,58,75,5.99,broken clouds
256,Broken Hill,AU,-31.95,141.4333,80.31,28,40,16.11,scattered clouds
257,Dongsheng,CN,39.8161,109.9776,16.03,41,100,5.3,overcast clouds
258,Cockburn Town,TC,21.4612,-71.1419,76.08,68,0,18.25,clear sky
259,Tilichiki,RU,60.4667,166.1,-3.15,77,3,8.75,clear sky
260,Okha,RU,53.5739,142.9478,4.84,87,100,19.98,overcast clouds
261,Hami,CN,42.8,93.45,28.49,26,100,10.02,overcast clouds
262,Kelso,US,46.1468,-122.9084,47.17,87,0,5.75,clear sky
263,Ouahigouya,BF,13.5828,-2.4216,64.4,15,0,10.96,clear sky
264,Poum,NC,-20.2333,164.0167,79.54,89,100,14.05,light rain
265,Yumen,CN,40.2833,97.2,15.82,64,100,17.78,overcast clouds
266,Kiunga,PG,-6.1219,141.2906,92.91,46,89,3.27,overcast clouds
267,Caiaponia,BR,-16.9567,-51.8103,69.1,90,100,2.68,overcast clouds
268,Bagan,RU,54.1001,77.6646,5.58,82,87,9.04,overcast clouds
269,Jiaocheng,CN,24.6774,116.1389,57.0,72,100,1.21,overcast clouds
270,Sobolevo,RU,54.4299,31.8996,29.95,90,95,13.13,snow
271,Bull Savanna,JM,17.8868,-77.5902,69.62,68,6,4.81,clear sky
272,Pacific Grove,US,36.6177,-121.9166,59.23,66,0,1.01,clear sky
273,Lagoa,PT,39.05,-27.9833,58.5,77,3,15.73,clear sky
274,Iqaluit,CA,63.7506,-68.5145,-31.27,68,40,4.61,scattered clouds
275,Husavik,IS,66.0449,-17.3389,30.11,81,100,22.12,light snow
276,Giyani,ZA,-23.3025,30.7187,68.92,80,100,12.44,overcast clouds
277,Rawson,AR,-43.3002,-65.1023,60.19,56,89,12.21,overcast clouds
278,Calatayud,ES,41.3535,-1.6432,46.98,66,1,2.04,clear sky
279,Nanortalik,GL,60.1432,-45.2371,9.09,61,100,13.27,overcast clouds
280,Grand Gaube,MU,-20.0064,57.6608,80.38,76,100,5.01,overcast clouds
281,Ixtapa,MX,20.7,-105.2,66.2,90,55,3.56,broken clouds
282,Marawi,PH,7.9986,124.2928,74.64,53,57,6.31,broken clouds
283,Provideniya,RU,64.3833,-173.3,-2.67,78,0,12.41,clear sky
284,Redlands,US,34.0556,-117.1825,61.21,23,0,1.99,clear sky
285,Sabaudia,IT,41.3003,13.0282,52.92,79,99,4.07,overcast clouds
286,Paamiut,GL,61.994,-49.6678,-1.64,85,100,8.57,overcast clouds
287,Ust-Ilimsk,RU,58.0006,102.6619,16.79,91,100,9.8,overcast clouds
288,Talnakh,RU,69.4865,88.3972,-9.8,100,100,2.84,overcast clouds
289,Lusambo,CD,-4.9667,23.45,67.33,99,51,0.78,light rain
290,Shashi,CN,30.3072,112.2447,35.15,98,100,8.88,snow
291,Toora-Khem,RU,52.4675,96.11,-1.53,91,97,1.57,overcast clouds
292,Kenai,US,60.5544,-151.2583,29.03,86,100,13.8,overcast clouds
293,Callaway,US,30.153,-85.5699,46.33,64,0,1.01,clear sky
294,Cururupu,BR,-1.8283,-44.8683,74.68,94,100,2.68,overcast clouds
295,Ukiah,US,39.1502,-123.2078,57.65,65,0,0.0,clear sky
296,Berkakit,RU,56.5807,124.7681,-6.36,98,97,4.85,overcast clouds
297,Bose,IT,45.4612,8.0137,42.22,90,1,3.62,clear sky
298,Nicoya,CR,10.1483,-85.452,76.55,68,5,10.56,clear sky
299,Etropole,BG,42.8333,24.0,39.15,81,7,0.92,clear sky
300,Firovo,RU,57.4814,33.7021,18.86,96,100,5.68,light snow
301,General Roca,AR,-39.0333,-67.5833,68.4,36,99,7.9,light rain
302,Shancheng,CN,34.7953,116.0817,38.19,24,100,4.34,overcast clouds
303,Manggar,ID,-2.8833,108.2667,82.26,78,100,10.27,overcast clouds
304,Komsomolskiy,UZ,40.4272,71.7189,38.62,41,100,2.3,overcast clouds
305,Slave Lake,CA,55.2834,-114.769,21.18,86,100,0.0,overcast clouds
306,Ostrovnoy,RU,68.0531,39.5131,14.65,83,100,28.36,overcast clouds
307,Ingham,US,42.6,-84.3833,17.37,83,0,10.36,clear sky
308,Bajil,YE,15.0584,43.2851,73.72,75,58,9.84,broken clouds
309,Maine-Soroa,NE,13.2114,12.0241,58.57,34,0,10.42,clear sky
310,Karratha,AU,-20.7377,116.8463,92.7,52,52,14.61,broken clouds
311,Domoni,KM,-12.2569,44.5319,79.29,83,95,6.91,overcast clouds
312,Nhulunbuy,AU,-12.2333,136.7667,88.41,66,99,8.05,overcast clouds
313,Chicama,PE,-7.8447,-79.1469,66.74,78,53,5.46,broken clouds
314,Bontang,ID,0.1333,117.5,83.93,68,100,9.17,overcast clouds
315,Sao Joao Da Barra,BR,-21.6403,-41.0511,76.73,85,1,22.17,clear sky
316,Saint-Joseph,RE,-21.3667,55.6167,77.38,80,100,14.34,light rain
317,Wukari,NG,7.85,9.7833,70.18,21,0,7.34,clear sky
318,Hohhot,CN,40.8106,111.6522,16.09,45,0,4.47,clear sky
319,Ankazoabo,MG,-22.2833,44.5167,72.59,89,100,20.67,light rain
320,Goderich,CA,43.7501,-81.7165,16.92,73,93,8.05,overcast clouds
321,Opuwo,NA,-18.0607,13.84,64.74,54,96,1.92,overcast clouds
322,Sitka,US,57.0531,-135.33,42.69,75,100,25.32,light rain
323,Henties Bay,NA,-22.116,14.2845,66.85,78,96,2.82,overcast clouds
324,Yar-Sale,RU,66.8333,70.8333,-16.22,100,85,3.83,overcast clouds
325,Yeppoon,AU,-23.1333,150.7333,82.18,56,14,20.07,few clouds
326,Belyy Yar,RU,53.6039,91.3903,-14.91,84,78,0.0,smoke
327,Akita,JP,39.7167,140.1167,27.54,74,75,11.5,snow
328,Yarada,IN,17.65,83.2667,71.92,73,20,3.44,mist
329,Bubaque,GW,11.2833,-15.8333,77.65,63,1,7.36,clear sky
330,Qarqin,AF,37.4185,66.0436,47.46,84,100,13.87,light rain
331,Lasa,IT,46.6166,10.7002,36.86,41,4,3.44,clear sky
332,Kaabong,UG,3.4836,34.1492,66.88,47,100,2.73,overcast clouds
333,Ponta Delgada,PT,37.7333,-25.6667,60.49,82,40,13.8,scattered clouds
334,Natal,BR,-5.795,-35.2094,80.82,78,20,8.05,few clouds
335,Isaccea,RO,45.2667,28.4667,34.43,83,1,7.31,clear sky
336,Aswan,EG,24.0934,32.907,49.3,53,0,5.75,clear sky
337,Felipe Carrillo Puerto,MX,19.5833,-88.05,68.76,97,100,5.14,overcast clouds
338,Araceli,PH,10.5529,119.9913,80.33,78,55,25.12,broken clouds
339,Batsfjord,NO,70.6345,29.7185,22.71,85,73,22.06,broken clouds
340,Isangel,VU,-19.55,169.2667,81.95,85,83,16.55,broken clouds
341,Piacabucu,BR,-10.4056,-36.4344,77.61,79,57,7.2,broken clouds
342,North Bend,US,43.4065,-124.2243,48.92,94,0,4.61,clear sky
343,Bam,IR,29.106,58.357,49.89,47,35,5.73,scattered clouds
344,Auki,SB,-8.7676,160.7034,83.98,76,72,8.79,broken clouds
345,Abu Kamal,SY,34.4506,40.9171,45.57,67,11,9.13,few clouds
346,Roald,NO,62.5833,6.1333,37.0,93,100,40.29,snow
347,San Ramon,US,37.7799,-121.978,56.52,62,0,1.99,clear sky
348,Ayan,RU,56.45,138.1667,-2.04,64,2,9.44,clear sky
349,Broome,US,42.2506,-75.833,5.97,59,0,1.99,clear sky
350,Nichinan,JP,31.6,131.3667,44.28,43,48,11.56,scattered clouds
351,Dong Xoai,VN,11.5333,106.9167,86.92,42,99,6.24,overcast clouds
352,Ifanadiana,MG,-21.3,47.6333,69.13,99,100,10.6,moderate rain
353,Aklavik,CA,68.2191,-135.0107,-31.97,84,73,2.68,broken clouds
354,Nemuro,JP,43.3236,145.575,27.03,66,98,21.72,overcast clouds
355,Lodja,CD,-3.4833,23.4333,68.25,90,91,1.77,overcast clouds
356,Kutum,SD,14.2,24.6667,47.88,26,97,9.69,overcast clouds
357,Traralgon,AU,-38.1833,146.5333,79.84,35,0,8.41,clear sky
358,High Level,CA,58.5169,-117.136,-3.89,77,40,2.3,scattered clouds
359,Tazovskiy,RU,67.4667,78.7,-19.8,100,75,5.86,broken clouds
360,Nezhinka,RU,51.7676,55.3694,19.56,86,100,11.18,light snow
361,Homer,US,59.6425,-151.5483,37.29,75,100,4.61,overcast clouds
362,Sturgeon Falls,CA,46.3646,-79.9326,10.09,85,100,7.56,overcast clouds
363,Tiznit,MA,29.5833,-9.5,59.95,24,67,4.61,broken clouds
364,Gilbues,BR,-9.8317,-45.3439,75.0,71,63,0.74,broken clouds
365,Beloha,MG,-25.1667,45.05,74.12,91,100,21.9,light rain
366,Marystown,CA,47.1666,-55.1483,33.85,100,100,1.99,overcast clouds
367,Mayo,US,38.8876,-76.5119,29.16,58,0,4.0,clear sky
368,Berlevag,NO,70.8578,29.0864,24.3,83,56,26.15,broken clouds
369,Port Hawkesbury,CA,45.6169,-61.3485,19.18,89,100,20.71,overcast clouds
370,Chardara,KZ,41.2547,67.9692,45.43,76,100,19.8,moderate rain
371,Cavalcante,BR,-13.7975,-47.4583,70.23,88,100,0.02,overcast clouds
372,Margate,GB,51.3813,1.3862,50.31,79,100,8.99,light rain
373,Blanes,ES,41.6742,2.7904,54.68,72,23,8.01,few clouds
374,Alyangula,AU,-13.8483,136.4192,85.87,79,100,5.75,light rain
375,Benjamin Constant,BR,-4.3831,-70.0311,77.13,94,98,1.83,overcast clouds
376,Cananea,MX,30.95,-110.3,38.79,37,3,3.02,clear sky
377,Ruwi,OM,23.5996,58.5507,73.62,42,0,3.44,clear sky
378,Chapais,CA,49.7834,-74.8492,-16.82,100,31,2.33,scattered clouds
379,Charters Towers,AU,-20.1,146.2667,86.04,37,0,9.98,clear sky
380,Bosaso,SO,11.2842,49.1816,70.65,76,100,3.76,overcast clouds
381,Coos Bay,US,43.3665,-124.2179,48.99,94,0,4.61,clear sky
382,West Wendover,US,40.7391,-114.0733,35.28,47,6,4.29,clear sky
383,Daitari,IN,21.1,85.75,62.44,38,24,2.44,few clouds
384,Batticaloa,LK,7.7102,81.6924,79.56,64,76,7.09,broken clouds
385,Pompeu,BR,-19.2244,-44.9353,67.28,96,100,3.89,moderate rain
386,Valdivia,CL,-39.8142,-73.2459,64.49,55,27,2.91,scattered clouds
387,Tessalit,ML,20.1986,1.0114,58.6,17,21,10.13,few clouds
388,Mumford,GH,5.2618,-0.759,78.91,85,7,6.6,light rain
389,Benguela,AO,-12.5763,13.4055,74.52,72,100,0.45,overcast clouds
390,Ghanzi,BW,-21.5667,21.7833,69.15,80,93,8.37,light rain
391,Longyearbyen,SJ,78.2186,15.6401,10.24,72,20,20.71,few clouds
392,Karakol,KG,42.4907,78.3936,11.39,57,33,5.26,scattered clouds
393,Dekar,BW,-21.5333,21.9333,68.97,79,97,9.28,light rain
394,Magadi,IN,12.9667,77.2333,68.34,74,74,11.68,broken clouds
395,Anastacio,BR,-20.4836,-55.8069,74.41,96,100,3.15,moderate rain
396,Beaverlodge,CA,55.2166,-119.4361,38.55,65,98,20.74,overcast clouds
397,Santa Cruz De La Palma,ES,28.6835,-17.7642,70.14,27,0,10.36,clear sky
398,Maunabo,PR,18.0072,-65.8993,73.42,92,100,11.95,overcast clouds
399,Mbandaka,CD,0.0487,18.2603,68.29,47,44,2.8,scattered clouds
400,Nishihara,JP,26.1842,127.7558,62.26,48,75,18.41,broken clouds
401,Grindavik,IS,63.8424,-22.4338,31.95,86,75,18.41,broken clouds
402,Bairiki,KI,1.3292,172.9752,87.8,70,20,12.66,few clouds
403,Belgrade,RS,44.804,20.4651,37.06,77,0,4.61,clear sky
404,Waynesville,US,35.4887,-82.9887,30.58,66,0,1.01,clear sky
405,Pemangkat,ID,1.1667,108.9667,82.65,75,54,2.75,broken clouds
406,Grand Bend,CA,43.3168,-81.7498,17.87,86,81,12.88,broken clouds
407,Fengzhen,CN,40.4394,113.1536,17.31,36,85,1.39,overcast clouds
408,Touros,BR,-5.1989,-35.4608,79.7,71,34,10.47,scattered clouds
409,Inhambane,MZ,-23.865,35.3833,76.51,84,68,16.02,light rain
410,Fare,PF,-16.7,-151.0167,81.12,74,26,19.42,light rain
411,Yining,CN,29.0361,114.5636,40.06,77,100,3.89,overcast clouds
412,Thinadhoo,MV,0.5333,72.9333,81.82,71,12,7.09,few clouds
413,Neepawa,CA,50.2289,-99.4664,-0.18,94,99,6.11,overcast clouds
414,Bud,US,39.447,-86.1758,18.18,89,9,7.2,clear sky
415,Yuci,CN,37.6803,112.7319,22.75,42,0,4.47,clear sky
416,Ambulu,ID,-8.345,113.6058,85.44,67,9,3.06,clear sky
417,Karasuk,RU,53.7377,78.0403,3.83,84,48,8.68,scattered clouds
418,Takhatpur,IN,22.15,81.8667,61.5,29,6,2.59,clear sky
419,Banda Aceh,ID,5.5577,95.3222,81.19,69,98,5.93,overcast clouds
420,Cap-Aux-Meules,CA,47.3821,-61.8597,15.82,79,100,29.93,overcast clouds
421,Puerto Carreno,CO,6.189,-67.4859,84.97,50,100,3.2,overcast clouds
422,Ostersund,SE,63.1792,14.6357,23.61,93,75,13.8,snow
423,Port-Gentil,GA,-0.7193,8.7815,78.8,82,15,9.6,few clouds
424,Palmonostora,HU,46.6242,19.9516,31.1,67,37,7.45,scattered clouds
425,High Rock,BS,26.6208,-78.2833,69.82,79,37,9.42,scattered clouds
426,Kushiro,JP,42.975,144.3747,29.35,43,40,9.22,scattered clouds
427,Samarinda,ID,-0.5,117.15,87.44,59,100,4.59,light rain
428,Villa Guerrero,MX,18.8667,-99.65,66.27,55,73,3.33,broken clouds
429,Nador,MA,35.174,-2.9287,57.45,88,40,5.75,scattered clouds
430,Segezha,RU,63.7415,34.3222,14.04,94,100,14.07,light snow
431,Tailai,CN,46.3833,123.4,14.34,66,66,6.69,broken clouds
432,Adrar,MR,20.5022,-10.0711,62.73,8,0,9.13,clear sky
433,Egvekinot,RU,66.3167,-179.1667,-10.41,87,6,9.84,clear sky
434,Gorontalo,ID,0.5412,123.0595,89.15,56,100,1.21,overcast clouds
435,Tiksi,RU,71.6872,128.8694,-22.81,98,99,6.06,overcast clouds
436,Muroto,JP,33.2833,134.15,41.04,45,74,12.03,broken clouds
437,Roebourne,AU,-20.7833,117.1333,91.44,55,78,12.08,broken clouds
438,Tarauaca,BR,-8.1614,-70.7656,71.98,97,52,2.57,broken clouds
439,Mount Isa,AU,-20.7333,139.5,91.17,31,75,10.36,broken clouds
440,Kanakapura,IN,12.55,77.4167,70.84,75,80,7.31,broken clouds
441,Benghazi,LY,32.1167,20.0667,59.27,69,15,8.14,few clouds
442,Matanzas,CU,23.0411,-81.5775,70.61,74,87,9.17,overcast clouds
443,Novorudnyy,RU,51.5026,58.1873,14.49,97,100,7.02,overcast clouds
444,Chistogorskiy,RU,53.9835,87.3843,1.27,98,84,0.6,broken clouds
445,Graham,US,47.0529,-122.2943,44.89,89,100,0.0,overcast clouds
446,Namibe,AO,-15.1961,12.1522,71.87,67,90,8.34,overcast clouds
447,Tormac,RO,45.5208,21.4936,31.39,78,0,2.1,clear sky
448,North Myrtle Beach,US,33.816,-78.68,42.06,59,0,3.0,clear sky
449,Narsaq,GL,60.9167,-46.05,-3.41,71,100,5.37,overcast clouds
450,Naqadeh,IR,36.9553,45.388,22.87,88,63,3.6,broken clouds
451,Northam,GB,51.0333,-4.2167,51.03,94,100,32.17,overcast clouds
452,Nome,US,64.5011,-165.4064,-15.74,92,3,8.57,clear sky
453,Itarema,BR,-2.9248,-39.9167,77.88,87,6,9.24,clear sky
454,Saurimo,AO,-9.6608,20.3916,61.52,95,97,3.56,overcast clouds
455,Vernon,CA,50.2581,-119.2691,35.24,82,86,3.44,overcast clouds
456,Luanda,AO,-8.8368,13.2343,75.45,84,100,5.37,overcast clouds
457,Shelburne,CA,44.0787,-80.2041,12.09,73,89,9.75,overcast clouds
458,Kavaratti,IN,10.5669,72.642,78.01,61,10,5.44,clear sky
459,Tigre,AR,-34.426,-58.5796,64.4,80,75,12.66,broken clouds
460,Jalu,LY,29.0331,21.5482,53.56,51,0,7.09,clear sky
461,Hazorasp,UZ,41.3194,61.0742,35.44,78,100,20.76,overcast clouds
462,Richards Bay,ZA,-28.783,32.0377,71.83,86,73,6.04,broken clouds
463,Lensk,RU,60.7253,114.9278,10.18,92,100,3.8,overcast clouds
464,Las Cruces,US,32.3123,-106.7783,41.29,50,0,1.99,clear sky
465,Qasigiannguit,GL,68.8193,-51.1922,-13.04,77,100,6.93,overcast clouds
466,Maumere,ID,-8.6199,122.2111,84.65,71,12,7.54,few clouds
467,Doha,QA,25.2867,51.5333,62.58,42,0,11.5,clear sky
468,Plettenberg Bay,ZA,-34.0527,23.3716,66.85,80,0,7.47,clear sky
469,Kirovgrad,RU,57.4297,60.0597,6.1,99,100,3.56,overcast clouds
470,Moose Factory,CA,51.2585,-80.6094,-13.0,76,0,3.44,clear sky
471,Rumonge,BI,-3.9736,29.4386,69.69,79,100,4.18,light rain
472,Sunbury,AU,-37.5833,144.7333,84.85,41,0,3.0,clear sky
473,Coihaique,CL,-45.5752,-72.0662,57.81,72,0,4.61,clear sky
474,Kahului,US,20.8947,-156.47,78.96,78,32,8.99,scattered clouds
475,Shenjiamen,CN,29.9576,122.298,42.82,57,88,7.85,overcast clouds
476,Chara,RU,56.9064,118.2631,-10.17,88,2,1.21,clear sky
477,Nara,JP,34.6851,135.8049,42.04,62,51,13.2,broken clouds
478,College Place,US,46.0493,-118.3883,46.38,80,64,4.0,broken clouds
479,Yashan,CN,22.1975,109.9419,61.81,67,100,7.2,overcast clouds
480,Macusani,PE,-14.0833,-70.4333,36.99,96,100,2.21,overcast clouds
481,Paramonga,PE,-10.6667,-77.8333,70.47,83,55,7.2,broken clouds
482,Ljungby,SE,56.8332,13.9408,38.37,95,100,15.17,light rain
483,Harstad,NO,68.799,16.5293,33.3,100,83,1.99,light snow
484,Healesville,AU,-37.65,145.5167,84.9,45,2,5.99,clear sky
485,Concarneau,FR,47.875,-3.9225,52.57,84,99,19.35,overcast clouds
486,Beyneu,KZ,45.3167,55.2,29.1,83,100,20.29,overcast clouds
487,Hovd,MN,48.0056,91.6419,-9.56,78,12,1.48,few clouds
488,Nizhneangarsk,RU,55.7833,109.55,6.75,91,100,2.51,overcast clouds
489,Wajir,KE,1.7471,40.0573,73.27,81,36,12.1,scattered clouds
490,Qarayeri,AZ,40.7886,46.3066,29.28,43,20,9.22,few clouds
491,Kuala Terengganu,MY,5.3302,103.1408,82.35,78,40,9.22,scattered clouds
492,Alofi,NU,-19.0595,-169.9187,73.29,94,100,3.44,overcast clouds
493,Santona,ES,43.4439,-3.4576,42.08,80,4,4.36,clear sky
494,Vostok,RU,46.4856,135.8833,1.44,85,100,5.26,overcast clouds
495,Entre Rios,BR,-11.9419,-38.0844,71.89,91,90,2.44,overcast clouds
496,Bom Jesus Do Itabapoana,BR,-21.1339,-41.6797,73.38,95,93,3.89,overcast clouds
497,Pachino,IT,36.7186,15.0907,55.6,80,100,4.18,overcast clouds
498,Tuatapere,NZ,-46.1333,167.6833,58.82,48,33,7.47,scattered clouds
499,Maromitsa,RU,59.8683,48.0123,10.54,98,100,5.37,overcast clouds
500,Labuhan,ID,-6.8844,112.2051,83.8,74,78,11.07,broken clouds
501,Bronnoysund,NO,65.4625,12.1997,33.8,75,100,12.66,snow
502,Karasjok,NO,69.4719,25.5112,26.71,92,100,16.84,light snow
503,Pocone,BR,-16.2567,-56.6228,76.5,83,24,3.04,few clouds
504,Daru,PG,-9.0763,143.2092,89.78,58,75,7.4,broken clouds
505,Vestmannaeyjar,IS,63.4427,-20.2734,27.27,76,93,22.01,overcast clouds
506,Pekan,MY,3.4836,103.3996,82.51,84,100,10.36,overcast clouds
507,Sangar,RU,63.9242,127.4739,-28.53,95,100,4.14,overcast clouds
508,Burnie,AU,-41.0667,145.9167,67.95,57,21,10.47,few clouds
509,Sterling,US,39.0062,-77.4286,27.21,64,0,1.01,clear sky
510,Inirida,CO,3.8653,-67.9239,73.78,94,74,2.64,broken clouds
511,Sheridan,US,44.8333,-106.9173,34.18,84,75,4.0,broken clouds
512,Kragujevac,RS,44.0167,20.9167,34.09,95,23,3.51,few clouds
513,Olafsvik,IS,64.8945,-23.7142,29.95,70,100,30.89,overcast clouds
514,Hay River,CA,60.8156,-115.7999,-11.24,76,40,2.3,scattered clouds
515,Sirathu,IN,25.65,81.3167,54.18,69,0,3.62,clear sky
516,Kodiak,US,57.79,-152.4072,40.51,81,100,19.57,moderate rain
517,Santa Vitoria Do Palmar,BR,-33.5189,-53.3681,63.55,92,42,8.57,scattered clouds
518,Tabou,CI,4.423,-7.3528,77.9,88,35,4.94,moderate rain
519,Bad Krozingen,DE,47.9167,7.7,42.44,78,58,8.01,broken clouds
520,Ketchikan,US,55.3422,-131.6461,38.59,96,100,18.59,moderate rain
521,Eldorado,BR,-23.7869,-54.2836,72.09,95,100,2.39,light rain
522,Winburg,ZA,-28.518,27.0093,58.44,85,31,12.73,scattered clouds
523,Mount Gambier,AU,-37.8333,140.7667,84.11,23,75,5.75,broken clouds
524,Auch,FR,43.65,0.5833,39.25,86,4,1.01,clear sky
525,Suntar,RU,62.1444,117.6319,4.77,94,97,5.21,overcast clouds
526,Sola,VU,-13.8833,167.55,82.26,80,99,19.95,light rain
527,Madimba,TZ,-10.4,40.3333,75.4,86,100,9.86,light rain
528,Iguape,BR,-24.7081,-47.5553,77.05,89,100,8.08,moderate rain
529,Aykhal,RU,66.0,111.5,-7.91,99,99,2.62,overcast clouds
530,Korla,CN,41.7597,86.1469,24.3,41,97,11.21,overcast clouds
531,Lososina,RU,48.9975,140.3106,14.81,63,100,12.93,overcast clouds
532,Pokosnoye,RU,55.5258,101.0536,19.76,90,100,11.1,overcast clouds
533,Petrolina,BR,-9.3986,-40.5008,77.05,83,20,1.14,light rain
534,San Roque,ES,36.2107,-5.3842,50.81,87,8,15.17,clear sky
535,Konya,TR,38.1667,32.5,20.35,70,9,1.68,clear sky
536,Shimoda,JP,34.6667,138.95,46.11,44,2,24.92,clear sky
537,Kiruna,SE,67.8557,20.2251,23.92,93,100,19.57,overcast clouds
538,Mersing,MY,2.4312,103.8405,82.31,78,40,13.8,scattered clouds
539,Pokhara,NP,28.2333,83.9833,51.03,58,2,1.7,clear sky
540,Wufeng,CN,27.45,104.8333,29.59,98,100,3.98,light snow
541,Iranshahr,IR,27.2025,60.6848,57.54,38,0,0.0,clear sky
542,Polovinnoye,RU,54.7914,65.9864,8.15,86,100,6.44,overcast clouds
543,Kalamare,BW,-22.9337,26.5703,62.94,82,34,12.86,scattered clouds
544,Jhang,PK,33.6748,72.6963,50.61,50,81,3.29,broken clouds
545,Morehead,US,37.2711,-87.1764,20.95,93,0,0.0,clear sky
546,San Juan,AR,-31.5375,-68.5364,66.96,46,98,5.08,overcast clouds
547,Kalach-Na-Donu,RU,48.691,43.5264,16.92,92,12,6.89,few clouds
548,Soligalich,RU,59.0778,42.2864,1.99,100,97,3.04,overcast clouds
549,Tual,ID,-5.6667,132.75,83.39,74,83,9.24,broken clouds
550,Rudbar,AF,30.15,62.6,53.85,39,5,9.93,clear sky
551,Waingapu,ID,-9.6567,120.2641,86.14,66,78,11.45,broken clouds
552,Sainte-Marie,RE,-20.8968,55.5496,78.96,89,75,16.11,light intensity drizzle rain
553,Kuryk,KZ,43.2,51.65,34.12,77,98,10.98,overcast clouds
554,Dieppe,FR,49.75,1.1667,47.19,88,100,3.0,overcast clouds
555,Vao,NC,-22.6667,167.4833,80.83,84,22,10.89,few clouds
556,Porto Santo,PT,33.072,-16.3415,65.3,82,40,26.46,scattered clouds
557,Itoman,JP,26.1247,127.6694,62.62,48,75,18.41,broken clouds
558,Berdigestyakh,RU,62.0989,126.6992,-8.95,96,97,2.08,overcast clouds
559,Scituate,US,42.1959,-70.7259,21.51,57,0,7.0,clear sky
560,Bay Roberts,CA,47.5999,-53.2648,45.52,93,100,5.01,moderate rain
561,Laramie,US,41.3114,-105.5911,27.91,67,18,4.0,few clouds
562,Imeni Poliny Osipenko,RU,52.4201,136.4853,6.89,83,100,7.78,overcast clouds
563,Prince Rupert,CA,54.3161,-130.3201,46.49,46,100,21.85,overcast clouds
564,Raga,SS,8.4596,25.678,65.25,19,100,7.16,overcast clouds
565,Kedrovyy,RU,56.1667,91.8167,21.87,85,100,5.28,overcast clouds
566,Shirokiy,RU,49.758,129.523,-0.89,86,60,5.14,broken clouds
567,Yomou,GN,7.5603,-9.2653,65.71,84,5,1.48,clear sky
568,Nantucket,US,41.2835,-70.0995,24.1,68,13,24.56,few clouds
569,Alzamay,RU,55.5562,98.6644,22.23,78,100,9.35,overcast clouds
570,Artyom,AZ,40.4723,50.333,35.74,61,85,12.24,overcast clouds
571,Ambanja,MG,-13.6833,48.45,70.99,90,80,3.67,broken clouds
572,Lae,PG,-6.7221,146.9847,92.07,58,100,5.23,overcast clouds
573,Norman Wells,CA,65.282,-126.8329,-20.16,69,20,4.61,few clouds
574,Tromso,NO,69.6496,18.957,35.62,60,40,28.77,scattered clouds
575,Verkhnyaya Inta,RU,65.9811,60.3094,-9.76,92,65,2.71,broken clouds
576,Cuiluan,CN,47.72,128.648,6.08,81,99,8.34,overcast clouds
577,Miraflores,MX,19.2167,-98.8083,59.86,69,74,3.94,broken clouds
578,Guarapari,BR,-20.6667,-40.4975,76.89,90,7,10.42,clear sky
579,Tshikapa,CD,-6.4167,20.8,68.32,97,61,1.25,light rain
580,Gambela,ET,8.25,34.5833,74.52,33,22,0.74,few clouds
581,Belmonte,BR,-15.8631,-38.8828,73.9,85,23,6.35,few clouds
582,Nouadhibou,MR,20.931,-17.0347,64.38,94,0,14.97,clear sky
583,Qiongshan,CN,20.0058,110.3542,67.98,77,40,15.66,scattered clouds
584,Sechura,PE,-5.5569,-80.8222,70.99,80,21,7.54,few clouds
585,Veraval,IN,20.9,70.3667,65.03,74,2,5.88,clear sky
586,Lyubech,UA,51.7026,30.6569,33.06,95,100,13.71,light snow
587,Oyo,NG,7.85,3.9333,72.66,21,0,3.98,clear sky
588,Borgarnes,IS,64.5383,-21.9206,32.05,91,98,15.95,overcast clouds
589,Nicolas Bravo,MX,18.45,-88.9167,67.3,99,38,5.48,scattered clouds
590,Bulawayo,ZW,-20.15,28.5833,60.55,90,96,14.52,overcast clouds
591,Okmulgee,US,35.6234,-95.9605,41.72,55,0,8.61,clear sky
592,Sabang,ID,5.8933,95.3214,82.02,74,87,13.96,overcast clouds
593,Ahuimanu,US,21.4447,-157.8378,78.78,77,26,5.01,scattered clouds
594,Wilmington,US,34.2257,-77.9447,38.86,50,1,9.62,clear sky
595,Ivnya,RU,51.0629,36.1343,26.29,96,100,10.4,light snow
596,Tanout,NE,14.9709,8.8879,55.51,17,0,13.15,clear sky
597,Vredendal,ZA,-31.6683,18.5012,71.89,47,43,0.63,scattered clouds
598,Bushehr,IR,28.9684,50.8385,58.98,57,0,16.24,clear sky
599,Dunedin,NZ,-45.8742,170.5036,57.79,61,85,8.01,overcast clouds
600,Palestine,PS,31.9216,35.2033,43.93,96,64,8.9,broken clouds
601,San Luis,AR,-33.295,-66.3356,57.51,58,0,4.79,clear sky
602,Chimbote,PE,-9.0853,-78.5783,69.73,85,29,8.14,scattered clouds
603,Mahebourg,MU,-20.4081,57.7,80.26,80,100,15.55,overcast clouds
604,Mattru,SL,7.6244,-11.8332,71.11,95,66,0.54,broken clouds
605,Sibolga,ID,1.7427,98.7792,80.11,80,100,2.51,overcast clouds
606,Minab,IR,27.1467,57.0801,60.3,79,13,9.22,few clouds
607,Kurtamysh,RU,54.9103,64.4319,12.45,89,100,6.58,overcast clouds
608,Kununurra,AU,-15.7667,128.7333,85.98,74,100,11.5,overcast clouds
609,Santa Quiteria Do Maranhao,BR,-3.5156,-42.5467,73.0,98,100,1.52,moderate rain
610,Pangai,TO,-19.8,-174.35,77.2,87,100,24.63,moderate rain
611,Idenao,CM,4.2475,9.0047,77.22,86,89,1.99,overcast clouds
612,Santa Rosalia,MX,27.3167,-112.2833,56.03,59,0,5.82,clear sky
613,Namatanai,PG,-3.6667,152.4333,86.41,63,59,11.59,broken clouds
614,Ouadda,CF,8.0777,22.4007,68.47,18,100,8.23,overcast clouds
615,Koshki,RU,54.2091,50.4677,17.15,98,99,1.12,overcast clouds
616,Price,US,39.5994,-110.8107,31.12,66,18,8.48,few clouds
617,Matara,LK,5.9485,80.5353,77.86,72,24,8.5,few clouds
618,Sukhobezvodnoye,RU,57.0491,44.8891,-0.4,100,99,2.77,overcast clouds
619,Antofagasta,CL,-23.65,-70.4,66.56,77,25,3.15,scattered clouds
620,Riyadh,SA,24.6877,46.7219,48.34,39,0,8.72,clear sky
621,Creel,MX,27.75,-107.6333,35.47,62,0,3.69,clear sky
622,Palmer,US,42.1584,-72.3287,16.86,92,7,3.29,clear sky
623,Dharampur,IN,20.5333,73.1833,67.55,32,7,2.93,clear sky
624,Taywarah,AF,33.35,64.4167,18.28,92,61,2.04,broken clouds
625,Portel,BR,-1.9356,-50.8211,73.89,97,100,3.22,moderate rain
626,Laguna,US,38.421,-121.4238,57.7,65,1,0.0,clear sky
627,Awbari,LY,26.5921,12.7805,49.8,35,22,8.21,few clouds
628,Noumea,NC,-22.2763,166.4572,87.78,80,59,9.57,moderate rain
629,Chiredzi,ZW,-21.05,31.6667,68.16,93,79,6.91,light rain
630,Alto Araguaia,BR,-17.3147,-53.2153,70.48,90,95,2.1,overcast clouds
631,Canton,CN,23.1167,113.25,59.0,54,100,5.75,light rain
632,Petawawa,CA,45.9001,-77.3328,-0.22,80,97,1.77,overcast clouds
633,Whitehorse,CA,60.7161,-135.0538,28.02,93,100,13.0,light snow
634,Miyako,JP,39.6367,141.9525,33.82,37,77,11.03,broken clouds
635,Avera,US,33.194,-82.5271,41.72,47,0,10.67,clear sky
636,Saint-Georges,GD,12.0564,-61.7485,76.68,83,20,5.75,few clouds
637,Neustrelitz,DE,53.3667,13.0833,39.0,96,100,19.39,light rain
638,Nefteyugansk,RU,61.0998,72.6035,14.25,95,100,11.27,overcast clouds
639,Itupiranga,BR,-5.1347,-49.3267,72.23,98,99,1.01,overcast clouds
640,Carbondale,US,37.7273,-89.2168,22.89,75,0,5.75,clear sky
641,Changde,CN,29.0464,111.6783,36.25,93,100,11.81,overcast clouds
642,Amberley,US,39.2048,-84.428,18.68,87,0,1.01,clear sky
643,Megion,RU,61.0296,76.1136,15.82,95,100,9.15,overcast clouds
644,Bolobo,CD,-2.1667,16.2333,73.51,85,87,1.92,light rain
645,Kyshtovka,RU,56.555,76.6271,7.38,89,100,6.42,overcast clouds
646,Monrovia,LR,6.3005,-10.7969,78.91,84,9,4.16,light rain
647,Nanakuli,US,21.3906,-158.1547,80.04,70,33,4.21,scattered clouds
648,Puerto Madryn,AR,-42.7692,-65.0385,61.29,50,72,10.87,broken clouds
649,Nuuk,GL,64.1835,-51.7216,7.41,85,100,6.91,light snow
650,Rabat,MA,33.9911,-6.8401,53.04,93,40,0.0,scattered clouds
651,Llangefni,GB,53.2556,-4.3106,50.77,93,100,24.16,heavy intensity rain
652,Mezen,RU,65.8522,44.24,5.04,90,93,10.71,overcast clouds
653,Soyo,AO,-6.1349,12.3689,77.49,85,99,3.78,overcast clouds
654,Xudat,AZ,41.631,48.681,33.71,65,89,2.21,overcast clouds
655,Joshimath,IN,30.5667,79.5667,45.64,43,22,3.94,few clouds
656,Nipawin,CA,53.3668,-104.0009,-8.99,100,86,2.77,overcast clouds
657,Ghorawal,IN,24.7667,82.7833,55.56,54,0,4.99,clear sky
658,Neya,RU,58.2972,43.8681,3.61,100,99,1.5,overcast clouds
659,Evensk,RU,61.95,159.2333,16.43,49,34,16.67,scattered clouds
660,Ileza,RU,61.0533,43.9002,8.2,96,100,4.45,overcast clouds
661,Fukue,JP,32.6881,128.8419,42.28,56,100,21.56,overcast clouds
662,Balabac,PH,7.9868,117.0645,81.5,80,60,23.04,broken clouds
663,Kloulklubed,PW,7.0419,134.2556,84.7,78,52,21.88,broken clouds
664,Isernia,IT,41.6002,14.2382,44.42,85,72,4.36,broken clouds
665,Sao Sebastiao,BR,-23.76,-45.4097,76.84,90,92,5.44,overcast clouds
666,Novobohdanivka,UA,47.0819,35.3272,32.2,99,100,7.54,snow
667,Funtua,NG,11.5233,7.3081,57.72,28,0,13.58,clear sky
668,Srandakan,ID,-7.9386,110.2506,71.73,63,55,4.34,broken clouds
669,Port Hedland,AU,-20.3167,118.5667,93.25,55,40,14.97,scattered clouds
670,Stornoway,GB,58.2093,-6.3865,35.56,88,75,4.0,broken clouds
671,Aberdeen,GB,57.1437,-2.0981,36.09,74,67,9.22,broken clouds
672,Chimore,BO,-16.9833,-65.1333,71.87,100,100,2.06,heavy intensity rain
673,Waipawa,NZ,-41.4122,175.5153,54.45,92,100,14.52,light rain
674,Mildura,AU,-34.2,142.15,88.07,30,61,15.79,broken clouds
675,Acapulco,MX,16.8634,-99.8901,76.44,66,0,7.09,clear sky
676,Srednekolymsk,RU,67.45,153.6833,-26.66,95,20,1.86,few clouds
677,Peleduy,RU,59.6289,112.7406,12.22,94,100,6.33,light snow
678,Tabuk,PH,17.4189,121.4443,69.82,92,100,1.83,overcast clouds
679,Sorland,NO,67.667,12.6934,37.22,80,76,23.22,broken clouds
680,Penha,BR,-26.7694,-48.6458,77.16,94,0,2.3,moderate rain
681,Agua Verde,MX,22.9,-106.05,67.44,74,97,7.78,overcast clouds
682,Mazara Del Vallo,IT,37.6641,12.588,53.92,86,100,10.22,overcast clouds
683,Baiyin,CN,36.5583,104.2081,15.46,84,100,4.56,overcast clouds
684,Omboue,GA,-1.5746,9.2618,76.03,87,2,5.26,clear sky
685,Isagarh,IN,24.8333,77.8833,54.77,52,0,4.61,clear sky
686,Kathmandu,NP,27.7167,85.3167,43.02,93,20,2.3,mist
687,Nalut,LY,30.3333,10.85,52.88,22,100,10.65,overcast clouds
688,Genhe,CN,50.7833,121.5167,8.69,62,44,4.41,scattered clouds
689,Limbang,MY,4.75,115.0,86.11,61,100,2.98,overcast clouds
690,Tezu,IN,27.9167,96.1667,59.32,79,75,1.95,broken clouds
691,Pendleton,US,45.6721,-118.7886,46.9,82,53,8.01,broken clouds
692,Jorpeland,NO,59.0225,6.0408,40.14,80,100,24.14,overcast clouds
693,Ongandjera,NA,-17.8833,15.0667,70.39,47,100,6.53,overcast clouds
694,Arlit,NE,18.7369,7.3853,59.07,18,0,9.8,clear sky
695,Muskogee,US,35.5834,-95.3336,36.14,80,0,8.05,clear sky
696,Pangnirtung,CA,66.1451,-65.7125,-33.32,95,100,5.57,overcast clouds
697,Marsa Matruh,EG,31.3525,27.2453,53.55,64,0,11.68,clear sky
698,Nizhniy Kuranakh,RU,58.8353,125.4869,0.84,91,100,2.59,overcast clouds
699,Oga,IT,46.4631,10.347,24.69,36,5,2.64,clear sky
700,Mehamn,NO,71.0357,27.8492,21.88,87,82,18.25,broken clouds
701,Aksarka,RU,66.5606,67.7975,-21.6,100,73,3.71,broken clouds
702,Saint-Francois,FR,46.4154,3.9054,36.41,86,0,6.91,clear sky
703,Taoudenni,ML,22.6783,-3.9836,66.13,12,99,9.91,overcast clouds
704,Baracoa,CU,20.3467,-74.4958,74.68,80,64,13.15,broken clouds
705,Kailua,US,21.4022,-157.7394,80.58,78,9,3.0,clear sky
706,Magnitogorsk,RU,53.4186,59.0472,9.43,85,75,11.18,broken clouds
707,Boulder,US,40.0833,-105.3505,32.32,43,0,1.99,clear sky
708,Breyten,ZA,-26.3018,29.987,53.62,92,100,11.63,overcast clouds
709,Lapua,FI,62.9693,23.0088,29.08,94,7,7.07,clear sky
710,Stromness,GB,58.965,-3.296,34.05,65,100,31.54,light snow
